"","gene_id","log2FoldChange","padj","hgnc_symbol","description"
"48","ENSG00000231826","6.343207","5.629875e-05","AC016735.2","long intergenic non-protein coding RNA 1819"
"102","ENSG00000040731","6.272408","0.001049954","CDH10","cadherin 10"
"244","ENSG00000196611","5.859503","2.383628e-06","MMP1","matrix metallopeptidase 1"
"386","ENSG00000173809","5.413439","0.0001722101","TDRD12","tudor domain containing 12"
"259","ENSG00000185303","5.370925","0.006885642","SFTPA2","surfactant protein A2"
"416","ENSG00000276700","5.006363","0.002218752","RNA5-8S5","RNA, 5.8S ribosomal N4"
"123","ENSG00000183072","4.950546","0.01089665","NKX2-5","NK2 homeobox 5"
"286","ENSG00000200795","4.890464","0.007039838","RNU4-1","RNA, U4 small nuclear 1"
"274","ENSG00000156076","4.868463","0.01089665","WIF1","WNT inhibitory factor 1"
"181","ENSG00000169297","4.86729","0.004296527","NR0B1","nuclear receptor subfamily 0 group B member 1"
"284","ENSG00000089250","4.85269","0.01749915","NOS1","nitric oxide synthase 1"
"153","ENSG00000232325","4.850405","0.0115299","AC093627.7",NA
"306","ENSG00000176165","4.799129","0.03216673","FOXG1","forkhead box G1"
"231","ENSG00000187398","4.776711","0.008880231","LUZP2","leucine zipper protein 2"
"85","ENSG00000151834","4.754075","0.003157318","GABRA2","gamma-aminobutyric acid type A receptor subunit alpha2"
"387","ENSG00000287526","4.680481","0.006885642",NA,NA
"57","ENSG00000168702","4.476683","0.01058082","LRP1B","LDL receptor related protein 1B"
"1","ENSG00000230699","4.370058","0.00810994","RP11-54O7.1",NA
"144","ENSG00000047936","4.349732","0.003157318","ROS1","ROS proto-oncogene 1, receptor tyrosine kinase"
"96","ENSG00000249837","4.24988","0.009832974","CTD-2325B11.1",NA
"217","ENSG00000148346","4.118707","0.02448228","LCN2","lipocalin 2"
"86","ENSG00000145248","4.091042","0.0001722101","SLC10A4","solute carrier family 10 member 4"
"110","ENSG00000145681","4.071634","0.002135226","HAPLN1","hyaluronan and proteoglycan link protein 1"
"245","ENSG00000137745","4.053293","0.003048165","MMP13","matrix metallopeptidase 13"
"50","ENSG00000168878","4.011897","0.0127346","SFTPB","surfactant protein B"
"408","ENSG00000188064","3.933304","0.002421378","WNT7B","Wnt family member 7B"
"362","ENSG00000287281","3.89738","5.629875e-05",NA,"uncharacterized LOC107985177"
"9","ENSG00000162490","3.867093","5.629875e-05","DRAXIN","dorsal inhibitory axon guidance protein"
"60","ENSG00000130294","3.843805","0.00810994","KIF1A","kinesin family member 1A"
"207","ENSG00000265735","3.749637","0.0003382138","RN7SL5P",NA
"285","ENSG00000202538","3.748863","0.01211423","RNU4-2","RNA, U4 small nuclear 2"
"311","ENSG00000284930","3.746207","0.001566884",NA,"uncharacterized LOC101928143"
"370","ENSG00000198768","3.647949","6.543663e-05","APCDD1L","APC down-regulated 1 like"
"162","ENSG00000106633","3.633676","0.002421378","GCK","glucokinase"
"139","ENSG00000146276","3.593372","0.04513245","GABRR1","gamma-aminobutyric acid type A receptor subunit rho1"
"33","ENSG00000116147","3.591971","0.00601725","TNR","tenascin R"
"15","ENSG00000049089","3.522281","0.002352706","COL9A2","collagen type IX alpha 2 chain"
"7","ENSG00000196581","3.521621","0.0007803885","AJAP1","adherens junctions associated protein 1"
"63","ENSG00000206557","3.472878","0.04921398","TRIM71","tripartite motif containing 71"
"372","ENSG00000087495","3.430045","0.001149324","PHACTR3","phosphatase and actin regulator 3"
"221","ENSG00000122133","3.397745","0.03877235","PAEP","progestagen associated endometrial protein"
"5","ENSG00000272235","3.367436","0.009832974","RP11-22L13.1",NA
"209","ENSG00000198963","3.36737","0.006962418","RORB","RAR related orphan receptor B"
"58","ENSG00000233143","3.366084","0.01301594","DIRC3-AS1",NA
"302","ENSG00000233532","3.357947","0.0209056","LINC00460","long intergenic non-protein coding RNA 460"
"56","ENSG00000226806","3.343479","0.0007782487","AC011893.3","LCT antisense RNA 1"
"342","ENSG00000171724","3.340114","0.003195426","VAT1L","vesicle amine transport 1 like"
"264","ENSG00000205809","3.319898","0.003195426","KLRC2","killer cell lectin like receptor C2"
"133","ENSG00000181577","3.312453","0.02463783","C6orf223","chromosome 6 open reading frame 223"
"161","ENSG00000224116","3.311416","0.00725999","INHBA-AS1","INHBA antisense RNA 1"
"160","ENSG00000122641","3.310678","0.002352706","INHBA","inhibin subunit beta A"
"92","ENSG00000163735","3.284581","0.01182895","CXCL5","C-X-C motif chemokine ligand 5"
"28","ENSG00000162723","3.279651","0.01112372","SLAMF9","SLAM family member 9"
"360","ENSG00000275418","3.273059","0.02139515","RP11-126O1.6",NA
"379","ENSG00000105650","3.268623","0.03250176","PDE4C","phosphodiesterase 4C"
"374","ENSG00000273812","3.26193","0.02811648","WI2-87327B8.2",NA
"40","ENSG00000235386","3.251097","0.03376911","RP11-397A15.4",NA
"87","ENSG00000182223","3.228893","0.02614904","ZAR1","zygote arrest 1"
"171","ENSG00000128606","3.221757","0.0010565","LRRC17","leucine rich repeat containing 17"
"371","ENSG00000268941","3.216308","0.0227401","RP5-907D15.4","long intergenic non-protein coding RNA 1711"
"32","ENSG00000203740","3.207718","0.02139515","METTL11B","methyltransferase like 11B"
"377","ENSG00000132000","3.205011","0.002421378","PODNL1","podocan like 1"
"354","ENSG00000166292","3.202498","0.001566884","TMEM100","transmembrane protein 100"
"208","ENSG00000234840","3.184401","0.04764135","LINC01239","long intergenic non-protein coding RNA 1239"
"49","ENSG00000162951","3.180676","0.03794929","LRRTM1","leucine rich repeat transmembrane neuronal 1"
"254","ENSG00000077327","3.180171","0.03814977","SPAG6","sperm associated antigen 6"
"343","ENSG00000176692","3.171552","5.629875e-05","FOXC2","forkhead box C2"
"98","ENSG00000197410","3.159388","0.009832974","DCHS2","dachsous cadherin-related 2"
"345","ENSG00000262003","3.088357","0.002220572","RP11-676J12.7","uncharacterized LOC101927727"
"239","ENSG00000254417","3.082718","0.02240206","ANO1-AS2",NA
"238","ENSG00000069482","3.07788","0.03814977","GAL","galanin and GMAP prepropeptide"
"6","ENSG00000287828","3.05527","0.01076217",NA,NA
"84","ENSG00000154277","3.045564","0.008888495","UCHL1","ubiquitin C-terminal hydrolase L1"
"168","ENSG00000106236","3.044257","0.03081774","NPTX2","neuronal pentraxin 2"
"187","ENSG00000171004","3.037964","0.0115299","HS6ST2","heparan sulfate 6-O-sulfotransferase 2"
"195","ENSG00000253688","3.02825","0.03049822","RP11-567J20.2",NA
"222","ENSG00000107317","3.015786","0.009415624","PTGDS","prostaglandin D2 synthase"
"8","ENSG00000238290","2.987409","0.009143317","RP11-431K24.1",NA
"206","ENSG00000173253","2.987117","0.004296527","DMRT2","doublesex and mab-3 related transcription factor 2"
"12","ENSG00000184454","2.960252","0.03213048","NCMAP","non-compact myelin associated protein"
"325","ENSG00000157766","2.959083","0.007084154","ACAN","aggrecan"
"156","ENSG00000106511","2.950751","0.019427","MEOX2","mesenchyme homeobox 2"
"268","ENSG00000110900","2.939549","0.006649905","TSPAN11","tetraspanin 11"
"194","ENSG00000224594","2.937492","0.005309966","RPL29P19",NA
"108","ENSG00000171540","2.936997","0.04864286","OTP","orthopedia homeobox"
"415","ENSG00000183145","2.932746","0.049549","RIPPLY3","ripply transcriptional repressor 3"
"241","ENSG00000165323","2.924181","0.005309966","FAT3","FAT atypical cadherin 3"
"404","ENSG00000225465","2.909251","0.007393152","RFPL1S",NA
"381","ENSG00000105664","2.90848","0.02489391","COMP","cartilage oligomeric matrix protein"
"199","ENSG00000104321","2.894696","0.02751101","TRPA1","transient receptor potential cation channel subfamily A member 1"
"293","ENSG00000133101","2.89114","0.02167438","CCNA1","cyclin A1"
"157","ENSG00000255690","2.88945","0.01880304","TRIL","TLR4 interactor with leucine rich repeats"
"252","ENSG00000225778","2.886045","0.009301307","PROSER2-AS1","PROSER2 antisense RNA 1"
"166","ENSG00000049540","2.881877","0.0005329103","ELN","elastin"
"338","ENSG00000260695","2.876229","0.03794929","RP11-513N24.1",NA
"211","ENSG00000127083","2.865322","0.008968319","OMD","osteomodulin"
"210","ENSG00000106809","2.828734","0.008968319","OGN","osteoglycin"
"263","ENSG00000280693","2.823307","0.008888495","SH3PXD2A-AS1","SH3PXD2A antisense RNA 1"
"314","ENSG00000223403","2.823211","0.004296527","MEG9","maternally expressed 9"
"74","ENSG00000173702","2.781752","0.03121014","MUC13","mucin 13, cell surface associated"
"376","ENSG00000105255","2.773821","0.01874764","FSD1","fibronectin type III and SPRY domain containing 1"
"346","ENSG00000179111","2.759198","0.004296527","HES7","hes family bHLH transcription factor 7"
"193","ENSG00000253123","2.745537","0.001120104","RP11-527N22.1","uncharacterized LOC100507403"
"203","ENSG00000253633","2.733709","0.01293203","KB-1980E6.3","uncharacterized LOC107986898"
"344","ENSG00000176678","2.726483","0.001058438","FOXL1","forkhead box L1"
"140","ENSG00000112214","2.72045","0.00106621","FHL5","four and a half LIM domains 5"
"90","ENSG00000150471","2.717526","0.04168997","LPHN3","adhesion G protein-coupled receptor L3"
"81","ENSG00000109610","2.713854","0.006097131","SOD3","superoxide dismutase 3"
"226","ENSG00000050165","2.707741","0.002421378","DKK3","dickkopf WNT signaling pathway inhibitor 3"
"88","ENSG00000128045","2.707301","0.002866068","RASL11B","RAS like family 11 member B"
"361","ENSG00000206052","2.706494","0.004296527","DOK6","docking protein 6"
"380","ENSG00000006016","2.69185","0.002033153","CRLF1","cytokine receptor like factor 1"
"44","ENSG00000143867","2.688085","0.02464376","OSR1","odd-skipped related transcription factor 1"
"13","ENSG00000200087","2.683194","0.002421378","SNORA73B","small nucleolar RNA, H/ACA box 73B"
"313","ENSG00000214548","2.642576","0.008428387","MEG3","maternally expressed 3"
"250","ENSG00000137709","2.635442","0.03998345","POU2F3","POU class 2 homeobox 3"
"273","ENSG00000155980","2.625072","0.03537156","KIF5A","kinesin family member 5A"
"89","ENSG00000109255","2.624513","0.03663925","NMU","neuromedin U"
"347","ENSG00000166482","2.618277","0.01034938","MFAP4","microfibril associated protein 4"
"10","ENSG00000117122","2.60476","0.008888495","MFAP2","microfibril associated protein 2"
"202","ENSG00000132554","2.599325","0.03911235","RGS22","regulator of G protein signaling 22"
"190","ENSG00000268089","2.592512","0.02486801","GABRQ","gamma-aminobutyric acid type A receptor subunit theta"
"363","ENSG00000101282","2.57475","0.0459327","RSPO4","R-spondin 4"
"4","ENSG00000177133","2.57165","0.01129116","LINC00982","PRDM16 divergent transcript"
"220","ENSG00000050555","2.57086","0.02139515","LAMC3","laminin subunit gamma 3"
"150","ENSG00000091844","2.56071","0.01404894","RGS17","regulator of G protein signaling 17"
"257","ENSG00000197467","2.559905","0.00810994","COL13A1","collagen type XIII alpha 1 chain"
"270","ENSG00000167780","2.551482","0.03558544","SOAT2","sterol O-acyltransferase 2"
"100","ENSG00000272347","2.548842","0.02923914","RP11-43F13.4",NA
"356","ENSG00000011028","2.544921","0.002421378","MRC2","mannose receptor C type 2"
"179","ENSG00000173698","2.54448","0.007875361","GPR64","adhesion G protein-coupled receptor G2"
"73","ENSG00000044524","2.539072","0.01928544","EPHA3","EPH receptor A3"
"131","ENSG00000112619","2.527702","0.003160014","PRPH2","peripherin 2"
"159","ENSG00000211699","2.527614","0.01404894","TRGV3","T cell receptor gamma variable 3"
"242","ENSG00000187151","2.524081","0.04557747","ANGPTL5","angiopoietin like 5"
"287","ENSG00000196917","2.517051","0.04573304","HCAR1","hydroxycarboxylic acid receptor 1"
"351","ENSG00000213373","2.504727","0.02489391","LINC00671","long intergenic non-protein coding RNA 671"
"301","ENSG00000102466","2.497565","0.003701277","FGF14","fibroblast growth factor 14"
"68","ENSG00000114270","2.483305","0.008428387","COL7A1","collagen type VII alpha 1 chain"
"35","ENSG00000122176","2.480988","0.02089117","FMOD","fibromodulin"
"186","ENSG00000235946","2.463125","0.03537986","LL0XNC01-240C2.1",NA
"255","ENSG00000177283","2.459131","0.002352706","FZD8","frizzled class receptor 8"
"192","ENSG00000159167","2.45772","0.002180202","STC1","stanniocalcin 1"
"42","ENSG00000205795","2.454657","0.007732817","CYS1","cystin 1"
"167","ENSG00000180535","2.449196","0.04710719","BHLHA15","basic helix-loop-helix family member a15"
"55","ENSG00000163040","2.425795","0.004296527","CCDC74A","coiled-coil domain containing 74A"
"114","ENSG00000138829","2.416772","0.00810994","FBN2","fibrillin 2"
"189","ENSG00000130032","2.403558","0.01133572","PRRG3","proline rich and Gla domain 3"
"11","ENSG00000179546","2.391049","0.04764135","HTR1D","5-hydroxytryptamine receptor 1D"
"3","ENSG00000287356","2.387598","0.00725999",NA,NA
"262","ENSG00000107954","2.37629","0.0334847","NEURL1","neuralized E3 ubiquitin protein ligase 1"
"407","ENSG00000138944","2.369878","0.01120782","KIAA1644","shisa like 1"
"107","ENSG00000164509","2.368244","0.04167176","IL31RA","interleukin 31 receptor A"
"253","ENSG00000077943","2.35526","0.009832974","ITGA8","integrin subunit alpha 8"
"77","ENSG00000144891","2.354752","0.008888495","AGTR1","angiotensin II receptor type 1"
"216","ENSG00000239593","2.35442","0.03911235","RP11-477J21.6",NA
"243","ENSG00000110318","2.35435","0.04269977","KIAA1377","centrosomal protein 126"
"282","ENSG00000120820","2.336457","0.007910576","GLT8D2","glycosyltransferase 8 domain containing 2"
"26","ENSG00000163568","2.335916","0.04417229","AIM2","absent in melanoma 2"
"155","ENSG00000146555","2.334458","0.01571261","SDK1","sidekick cell adhesion molecule 1"
"233","ENSG00000052850","2.331225","0.00810994","ALX4","ALX homeobox 4"
"16","ENSG00000260971","2.329948","0.02022226","RP11-504A18.1",NA
"365","ENSG00000089101","2.32512","0.02842548","CFAP61","cilia and flagella associated protein 61"
"353","ENSG00000244649","2.31919","0.0457151","CTD-2377D24.6",NA
"251","ENSG00000166250","2.304791","0.02521504","CLMP","CXADR like membrane protein"
"256","ENSG00000183346","2.30299","0.006649905","C10orf107","ciliary associated calcium binding coiled-coil 1"
"382","ENSG00000160161","2.301793","0.01058082","CILP2","cartilage intermediate layer protein 2"
"72","ENSG00000179097","2.299951","0.023625","HTR1F","5-hydroxytryptamine receptor 1F"
"97","ENSG00000280219","2.288335","0.008967501","RP11-752L20.3",NA
"278","ENSG00000198774","2.287717","0.03021088","RASSF9","Ras association domain family member 9"
"109","ENSG00000038427","2.287186","0.01625293","VCAN","versican"
"120","ENSG00000250274","2.275048","0.03794929","CTB-114C7.4","uncharacterized LOC100128059"
"25","ENSG00000254726","2.273662","0.01129116","MEX3A","mex-3 RNA binding family member A"
"196","ENSG00000034239","2.262338","0.03135492","EFCAB1","EF-hand calcium binding domain 1"
"148","ENSG00000196569","2.257296","0.003879842","LAMA2","laminin subunit alpha 2"
"178","ENSG00000188158","2.251413","0.01571261","NHS","NHS actin remodeling regulator"
"260","ENSG00000152779","2.247979","0.03928241","SLC16A12","solute carrier family 16 member 12"
"124","ENSG00000113739","2.246232","0.002180202","STC2","stanniocalcin 2"
"223","ENSG00000167244","2.224369","0.03250176","IGF2","insulin like growth factor 2"
"201","ENSG00000079102","2.218623","0.003195426","RUNX1T1","RUNX1 partner transcriptional co-repressor 1"
"247","ENSG00000204381","2.20002","0.01432146","LAYN","layilin"
"2","ENSG00000162576","2.195828","0.006885642","MXRA8","matrix remodeling associated 8"
"111","ENSG00000250320","2.192738","0.04532326","CTD-2269F5.1",NA
"200","ENSG00000249328","2.186661","0.04981086","RP11-26J3.1","uncharacterized LOC101927040"
"27","ENSG00000233473","2.182033","0.03816696","RAD1P2",NA
"364","ENSG00000088881","2.17935","0.004811744","EBF4","EBF family member 4"
"324","ENSG00000274376","2.160372","0.01063282","ADAMTS7P1","ADAMTS7 pseudogene 1"
"283","ENSG00000136010","2.143397","0.0002097702","ALDH1L2","aldehyde dehydrogenase 1 family member L2"
"204","ENSG00000164935","2.126179","0.03731769","DCSTAMP","dendrocyte expressed seven transmembrane protein"
"17","ENSG00000117525","2.124732","0.006481124","F3","coagulation factor III, tissue factor"
"414","ENSG00000159212","2.123527","0.03501232","CLIC6","chloride intracellular channel 6"
"39","ENSG00000116962","2.115186","0.04573304","NID1","nidogen 1"
"355","ENSG00000274565","2.10847","0.03995745","CTD-3035K23.7",NA
"62","ENSG00000163520","2.100625","0.004386305","FBLN2","fibulin 2"
"119","ENSG00000184347","2.099755","0.01052213","SLIT3","slit guidance ligand 3"
"279","ENSG00000139329","2.092508","0.009855733","LUM","lumican"
"258","ENSG00000156113","2.084672","0.002480053","KCNMA1","potassium calcium-activated channel subfamily M alpha 1"
"125","ENSG00000279821","2.079054","0.02677582","RP11-1334A24.5",NA
"198","ENSG00000137573","2.075823","0.02139515","SULF1","sulfatase 1"
"45","ENSG00000049323","2.065231","0.04235898","LTBP1","latent transforming growth factor beta binding protein 1"
"182","ENSG00000017483","2.047972","0.01133572","SLC38A5","solute carrier family 38 member 5"
"41","ENSG00000130508","2.04712","0.02105542","PXDN","peroxidasin"
"205","ENSG00000104415","2.041962","0.01034938","WISP1","cellular communication network factor 4"
"95","ENSG00000168743","2.019434","0.02577197","NPNT","nephronectin"
"373","ENSG00000196074","2.011712","0.01227369","SYCP2","synaptonemal complex protein 2"
"38","ENSG00000228536","2.003024","0.03501232","RP11-392O17.1",NA
"378","ENSG00000160111","1.999361","0.001058438","CPAMD8","C3 and PZP like alpha-2-macroglobulin domain containing 8"
"152","ENSG00000261039","1.955204","0.02577197","RP11-417E7.2","long intergenic non-protein coding RNA 2544"
"405","ENSG00000273428","1.95042","0.04931366","RP4-539M6.22",NA
"267","ENSG00000060982","1.949146","0.01914344","BCAT1","branched chain amino acid transaminase 1"
"21","ENSG00000169418","1.942205","0.008888495","NPR1","natriuretic peptide receptor 1"
"22","ENSG00000169291","1.896998","0.003160014","SHE","Src homology 2 domain containing E"
"227","ENSG00000133816","1.880626","0.0314871","MICAL2","microtubule associated monooxygenase, calponin and LIM domain containing 2"
"357","ENSG00000180616","1.879547","0.01928544","SSTR2","somatostatin receptor 2"
"309","ENSG00000125384","1.876718","0.04730974","PTGER2","prostaglandin E receptor 2"
"337","ENSG00000087245","1.855323","0.02417541","MMP2","matrix metallopeptidase 2"
"99","ENSG00000109472","1.842163","0.02092347","CPE","carboxypeptidase E"
"79","ENSG00000085276","1.825234","0.008428387","MECOM","MDS1 and EVI1 complex locus"
"78","ENSG00000180044","1.817329","0.02486801","C3orf80","chromosome 3 open reading frame 80"
"31","ENSG00000198574","1.817325","0.03774275","SH2D1B","SH2 domain containing 1B"
"392","ENSG00000167641","1.796525","0.005053833","PPP1R14A","protein phosphatase 1 regulatory inhibitor subunit 14A"
"34","ENSG00000163431","1.779566","0.02127963","LMOD1","leiomodin 1"
"136","ENSG00000069122","1.773987","0.01777739","GPR116","adhesion G protein-coupled receptor F5"
"53","ENSG00000278962","1.764571","0.03501232","RP11-399B17.1",NA
"219","ENSG00000130707","1.754657","0.04049052","ASS1","argininosuccinate synthase 1"
"126","ENSG00000131459","1.749768","0.02819394","GFPT2","glutamine-fructose-6-phosphate transaminase 2"
"46","ENSG00000232973","1.742185","0.04764135","CYP1B1-AS1","CYP1B1 antisense RNA 1"
"321","ENSG00000186198","1.735367","0.01731389","SLC51B","solute carrier family 51 subunit beta"
"106","ENSG00000151388","1.733427","0.0147795","ADAMTS12","ADAM metallopeptidase with thrombospondin type 1 motif 12"
"132","ENSG00000237686","1.715058","0.04532326","RP5-1120P11.1","uncharacterized LOC101929705"
"59","ENSG00000171596","1.70876","0.03081774","NMUR1","neuromedin U receptor 1"
"75","ENSG00000221955","1.692656","0.01625293","SLC12A8","solute carrier family 12 member 8"
"246","ENSG00000170962","1.679894","0.03501232","PDGFD","platelet derived growth factor D"
"292","ENSG00000133116","1.677074","0.02819394","KL","klotho"
"188","ENSG00000223749","1.676584","0.008888495","MIR503HG",NA
"47","ENSG00000162878","1.668136","0.02081014","PKDCC","protein kinase domain containing, cytoplasmic"
"23","ENSG00000163239","1.667843","0.009814391","TDRD10","tudor domain containing 10"
"367","ENSG00000125968","1.656873","0.006039491","ID1","inhibitor of DNA binding 1, HLH protein"
"52","ENSG00000144152","1.653755","0.03226128","FBLN7","fibulin 7"
"183","ENSG00000130055","1.646101","0.02181486","GDPD2","glycerophosphodiester phosphodiesterase domain containing 2"
"368","ENSG00000061656","1.628466","0.02240206","SPAG4","sperm associated antigen 4"
"214","ENSG00000165124","1.613431","0.04917567","SVEP1","sushi, von Willebrand factor type A, EGF and pentraxin domain containing 1"
"240","ENSG00000254810","1.578716","0.01878498","RP11-672A2.4",NA
"172","ENSG00000128567","1.569861","0.03247845","PODXL","podocalyxin like"
"83","ENSG00000249207","1.558264","0.03501232","RP11-360F5.1",NA
"330","ENSG00000280231","1.538051","0.02463783","LA16c-380F5.3",NA
"36","ENSG00000136634","1.492496","0.01571261","IL10","interleukin 10"
"322","ENSG00000103710","1.467838","0.03780533","RASL12","RAS like family 12"
"61","ENSG00000285906","1.357909","0.0457151",NA,NA
"143","ENSG00000178033","1.341186","0.04506497","FAM26E","calcium homeostasis modulator family member 5"
"224","ENSG00000183801","1.311653","0.02056759","OLFML1","olfactomedin like 1"
"218","ENSG00000273186","1.285509","0.01937098","RP11-339B21.10",NA
"358","ENSG00000168461","1.247047","0.04029452","RAB31","RAB31, member RAS oncogene family"
"154","ENSG00000105963","1.206355","0.04764135","ADAP1","ArfGAP with dual PH domains 1"
"350","ENSG00000067191","0.5530555","0.020408","CACNB1","calcium voltage-gated channel auxiliary subunit beta 1"
"105","ENSG00000259786","-7.423183","1.618379e-07","CTD-2118P12.1",NA
"336","ENSG00000260857","-6.853886","0.004811744","RP11-80F22.15",NA
"104","ENSG00000250453","-6.807136","5.629875e-05","CTD-2134P3.1",NA
"165","ENSG00000197123","-6.737241","0.009832974","ZNF679","zinc finger protein 679"
"164","ENSG00000241149","-6.631178","0.01225664","RP11-561N12.2",NA
"71","ENSG00000243694","-6.452351","0.0006511966","RP11-6B4.1","long intergenic non-protein coding RNA 2027"
"327","ENSG00000259123","-6.318987","0.008115212","RP11-76E17.2",NA
"82","ENSG00000250038","-6.291356","0.00446718","RP11-180C1.1",NA
"93","ENSG00000156269","-6.268554","0.003087504","NAA11","N-alpha-acetyltransferase 11, NatA catalytic subunit"
"191","ENSG00000126890","-6.169336","0.0005329103","CTAG2","cancer/testis antigen 2"
"396","ENSG00000268879","-6.125149","0.001049954","IGFL1P1",NA
"332","ENSG00000261555","-6.113141","0.006962418","CTD-3229J4.1",NA
"298","ENSG00000272046","-6.051417","0.0006511966","RP11-471M2.3",NA
"289","ENSG00000121742","-6.050271","0.001048416","GJB6","gap junction protein beta 6"
"228","ENSG00000179826","-6.045076","2.386832e-05","MRGPRX3","MAS related GPR family member X3"
"163","ENSG00000182111","-6.024496","0.002421378","ZNF716","zinc finger protein 716"
"303","ENSG00000274827","-5.967487","0.04532326","LINC01297",NA
"175","ENSG00000182583","-5.751783","0.001525232","VCX","variable charge X-linked"
"151","ENSG00000122194","-5.719261","0.04809553","PLG","plasminogen"
"19","ENSG00000134240","-5.583287","0.04269977","HMGCS2","3-hydroxy-3-methylglutaryl-CoA synthase 2"
"91","ENSG00000163631","-5.514223","0.04293493","ALB","albumin"
"176","ENSG00000177504","-5.458903","0.02438527","VCX2","variable charge X-linked 2"
"409","ENSG00000185390","-5.301355","0.04439976","FGF7P2",NA
"401","ENSG00000279973","-5.300579","0.02236545","BAGE5",NA
"310","ENSG00000266869","-5.300108","0.001510441","RP6-114E22.1",NA
"385","ENSG00000269067","-5.25208","0.0004137262","ZNF728","zinc finger protein 728"
"334","ENSG00000260242","-5.213088","0.02240206","CTA-481E9.3",NA
"70","ENSG00000242781","-5.152248","0.01034938","RP11-47P18.2","long intergenic non-protein coding RNA 2050"
"333","ENSG00000259929","-5.007088","0.006649905","CTA-481E9.4","uncharacterized LOC107984893"
"177","ENSG00000205642","-4.976949","0.0127346","VCX3B","variable charge X-linked 3B"
"229","ENSG00000134339","-4.974088","0.0007803885","SAA2","serum amyloid A2"
"230","ENSG00000173432","-4.778826","0.001499194","SAA1","serum amyloid A1"
"80","ENSG00000145192","-4.773659","0.04798161","AHSG","alpha 2-HS glycoprotein"
"288","ENSG00000198033","-4.636323","0.04084166","TUBA3C","tubulin alpha 3c"
"307","ENSG00000258028","-4.59089","0.03853737","RP11-148E17.1",NA
"329","ENSG00000258785","-4.476802","0.01393022","LINC01580","long intergenic non-protein coding RNA 1580"
"170","ENSG00000272219","-4.430791","0.01048201","CTB-181H17.1",NA
"101","ENSG00000251629","-4.377433","0.00998179","RP11-774D14.1","long intergenic non-protein coding RNA 2241"
"395","ENSG00000268621","-4.292432","0.003896379","AC006262.5","IGFL2 antisense RNA 1"
"215","ENSG00000106927","-4.279763","0.02720245","AMBP","alpha-1-microglobulin/bikunin precursor"
"394","ENSG00000267922","-4.275163","0.01112372","AC007193.6",NA
"393","ENSG00000243137","-4.258474","0.02569498","PSG4","pregnancy specific beta-1-glycoprotein 4"
"20","ENSG00000168509","-4.214362","0.02967199","HFE2","hemojuvelin BMP co-receptor"
"406","ENSG00000198125","-4.203647","0.01874764","MB","myoglobin"
"317","ENSG00000228966","-4.196792","0.002352706","HOMER2P1",NA
"316","ENSG00000228757","-4.187894","0.02181486","AB019438.66",NA
"271","ENSG00000172551","-4.173297","0.03663925","MUCL1","mucin like 1"
"281","ENSG00000196091","-4.161272","0.001120104","MYBPC1","myosin binding protein C1"
"29","ENSG00000198358","-4.149599","0.04391945","RP11-544M22.1","uncharacterized LOC101928372"
"138","ENSG00000220267","-4.134214","0.04710719","ACTBP8",NA
"276","ENSG00000127324","-4.091322","0.0127097","TSPAN8","tetraspanin 8"
"142","ENSG00000287097","-4.089458","0.003604866",NA,"uncharacterized LOC107986639"
"118","ENSG00000113327","-4.071728","0.02182863","GABRG2","gamma-aminobutyric acid type A receptor subunit gamma2"
"234","ENSG00000279246","-4.059761","0.002421378","RP11-286N22.14",NA
"180","ENSG00000091482","-3.995388","0.02012919","SMPX","small muscle protein X-linked"
"94","ENSG00000198099","-3.976933","0.04867965","ADH4","alcohol dehydrogenase 4 (class II), pi polypeptide"
"69","ENSG00000055957","-3.939779","0.03517554","ITIH1","inter-alpha-trypsin inhibitor heavy chain 1"
"280","ENSG00000084110","-3.935553","0.007875361","HAL","histidine ammonia-lyase"
"383","ENSG00000269043","-3.830344","0.01840218","CTC-513N18.6","uncharacterized LOC105372316"
"147","ENSG00000186439","-3.792044","0.04269977","TRDN","triadin"
"295","ENSG00000219926","-3.765519","0.01195523","RP11-394A14.2","uncharacterized LOC102723968"
"266","ENSG00000256321","-3.755348","0.03917441","RP11-153K16.1","uncharacterized LOC101928441"
"43","ENSG00000223850","-3.738477","0.02167026","MYCNUT","MYCN upstream transcript"
"158","ENSG00000235669","-3.722886","0.02762884","AC004593.3",NA
"145","ENSG00000286339","-3.717148","0.0334847",NA,NA
"410","ENSG00000227757","-3.713939","0.02022226","AP000282.2",NA
"184","ENSG00000286523","-3.712244","0.01332453",NA,NA
"308","ENSG00000251363","-3.709806","0.0334847","RP11-129M6.1",NA
"213","ENSG00000136872","-3.665271","0.006649905","ALDOB","aldolase, fructose-bisphosphate B"
"117","ENSG00000204963","-3.649256","0.001288511","PCDHA7","protocadherin alpha 7"
"248","ENSG00000118137","-3.634366","0.02762884","APOA1","apolipoprotein A1"
"51","ENSG00000226928","-3.625503","0.03575337","RPS14P4",NA
"24","ENSG00000160716","-3.593125","0.008745504","CHRNB2","cholinergic receptor nicotinic beta 2 subunit"
"326","ENSG00000258476","-3.550138","0.001566884","RP11-76E17.3","long intergenic non-protein coding RNA 2207"
"328","ENSG00000258831","-3.536724","0.02043664","RP11-76E17.4",NA
"320","ENSG00000169856","-3.512861","0.00810994","ONECUT1","one cut homeobox 1"
"146","ENSG00000164434","-3.491704","0.02022226","FABP7","fatty acid binding protein 7"
"413","ENSG00000184221","-3.473634","0.002670238","OLIG1","oligodendrocyte transcription factor 1"
"185","ENSG00000133169","-3.453039","0.03709079","BEX1","brain expressed X-linked 1"
"212","ENSG00000136881","-3.386742","0.01571261","BAAT","bile acid-CoA:amino acid N-acyltransferase"
"269","ENSG00000186081","-3.371754","0.04049052","KRT5","keratin 5"
"121","ENSG00000253348","-3.345983","0.03029406","CTC-455F18.1",NA
"397","ENSG00000268460","-3.337741","0.01560341","DKFZp434J0226","uncharacterized LOC93429"
"235","ENSG00000168539","-3.329035","0.01647799","CHRM1","cholinergic receptor muscarinic 1"
"122","ENSG00000094755","-3.318267","0.008764975","GABRP","gamma-aminobutyric acid type A receptor subunit pi"
"65","ENSG00000287417","-3.274457","0.04612523",NA,NA
"375","ENSG00000105251","-3.218136","0.02807648","SHD","Src homology 2 domain containing transforming protein D"
"54","ENSG00000286481","-3.21237","0.0115299",NA,NA
"359","ENSG00000118271","-3.211751","0.02539095","TTR","transthyretin"
"398","ENSG00000086967","-3.188304","0.02448228","MYBPC2","myosin binding protein C2"
"116","ENSG00000255408","-3.187989","0.01227369","PCDHA3","protocadherin alpha 3"
"411","ENSG00000205927","-3.186928","0.03928586","OLIG2","oligodendrocyte transcription factor 2"
"113","ENSG00000251574","-3.185888","0.03709079","RP11-6N13.1","uncharacterized LOC105379109"
"169","ENSG00000160868","-3.121753","0.009970735","CYP3A4","cytochrome P450 family 3 subfamily A member 4"
"291","ENSG00000180730","-3.10938","0.02193601","SHISA2","shisa family member 2"
"340","ENSG00000039068","-3.105091","0.01129116","CDH1","cadherin 1"
"369","ENSG00000124107","-3.074217","0.04276654","SLPI","secretory leukocyte peptidase inhibitor"
"388","ENSG00000269086","-3.072766","0.01393022","CTC-523E23.5",NA
"319","ENSG00000137843","-3.061769","0.01106446","PAK6","p21 (RAC1) activated kinase 6"
"384","ENSG00000160321","-3.036793","0.003879291","ZNF208","zinc finger protein 208"
"390","ENSG00000271366","-3.0262","0.04548099","AC002128.5",NA
"341","ENSG00000260459","-2.916489","0.02463783","FTLP14",NA
"331","ENSG00000153060","-2.91508","0.01652142","TEKT5","tektin 5"
"403","ENSG00000099937","-2.913249","0.03021088","SERPIND1","serpin family D member 1"
"339","ENSG00000103067","-2.902459","0.009740332","ESRP2","epithelial splicing regulatory protein 2"
"265","ENSG00000256995","-2.896769","0.009301307","RP11-114G22.1",NA
"272","ENSG00000139547","-2.835647","0.03247845","RDH16","retinol dehydrogenase 16"
"297","ENSG00000224933","-2.806692","0.03643159","LINC01034",NA
"275","ENSG00000258168","-2.794876","0.003896379","RP11-588H23.3",NA
"137","ENSG00000229862","-2.75764","0.04867965","RP11-505P4.7",NA
"67","ENSG00000012223","-2.693736","0.02577197","LTF","lactotransferrin"
"335","ENSG00000196502","-2.680944","0.002421378","SULT1A1","sulfotransferase family 1A member 1"
"76","ENSG00000189366","-2.622916","0.007039838","ALG1L","ALG1 chitobiosyldiphosphodolichol beta-mannosyltransferase like"
"290","ENSG00000132932","-2.618123","0.004296527","ATP8A2","ATPase phospholipid transporting 8A2"
"149","ENSG00000236013","-2.604869","0.03814977","RP3-332B22.1","uncharacterized LOC100507477"
"174","ENSG00000257743","-2.596459","0.04864286","RP11-1220K2.2","maltase-glucoamylase 2 (putative)"
"103","ENSG00000245662","-2.532863","0.02819394","RP11-184E9.1",NA
"232","ENSG00000254919","-2.523981","0.0127346","RP11-698N11.2",NA
"37","ENSG00000117595","-2.477764","0.02881354","IRF6","interferon regulatory factor 6"
"130","ENSG00000225914","-2.477693","0.04798161","XXbac-BPG154L12.4","HLA complex group 23"
"402","ENSG00000286406","-2.464461","0.01676172",NA,NA
"412","ENSG00000232539","-2.445341","0.01571261","LINC00945","long intergenic non-protein coding RNA 945"
"389","ENSG00000105699","-2.440566","0.002421378","LSR","lipolysis stimulated lipoprotein receptor"
"64","ENSG00000168329","-2.435485","0.03021088","CX3CR1","C-X3-C motif chemokine receptor 1"
"66","ENSG00000173811","-2.431267","0.03639347","CCDC13-AS1","CCDC13 antisense RNA 1"
"30","ENSG00000244682","-2.413081","0.02107908","FCGR2C",NA
"399","ENSG00000242779","-2.270396","0.04049052","ZNF702P","zinc finger protein 702, pseudogene"
"127","ENSG00000274525","-2.24211","0.04235898","CTC-338M12.13",NA
"348","ENSG00000109072","-2.20313","0.04493326","VTN","vitronectin"
"197","ENSG00000285791","-2.200104","0.02486801",NA,NA
"261","ENSG00000241935","-2.104039","0.003605819","HOGA1","4-hydroxy-2-oxoglutarate aldolase 1"
"134","ENSG00000146221","-2.102998","0.03731769","TCTE1","t-complex-associated-testis-expressed 1"
"391","ENSG00000268222","-2.094207","0.04417229","EEF1A1P7",NA
"135","ENSG00000146233","-2.0222","0.01840218","CYP39A1","cytochrome P450 family 39 subfamily A member 1"
"305","ENSG00000139914","-1.99399","0.04489512","FITM1","fat storage inducing transmembrane protein 1"
"249","ENSG00000036672","-1.863198","0.03021088","USP2","ubiquitin specific peptidase 2"
"18","ENSG00000228502","-1.777605","0.04276654","EEF1A1P11",NA
"400","ENSG00000233493","-1.755906","0.04439976","TMEM238","transmembrane protein 238"
"128","ENSG00000237685","-1.662564","0.02590358","RP11-360O19.4",NA
"296","ENSG00000136111","-1.584915","0.03814075","TBC1D4","TBC1 domain family member 4"
"300","ENSG00000280734","-1.566235","0.009803747","LINC01232",NA
"141","ENSG00000056972","-1.410883","0.01601907","TRAF3IP2","TRAF3 interacting protein 2"
"129","ENSG00000204580","-1.410799","0.03419192","DDR1","discoidin domain receptor tyrosine kinase 1"
"349","ENSG00000176927","-1.390498","0.03639347","EFCAB5","EF-hand calcium binding domain 5"
"14","ENSG00000225616","-1.322259","0.009803747","RP4-604A21.1","ribosomal protein L27 pseudogene 4"
"277","ENSG00000230291","-1.208118","0.02240206","RP11-244J10.1","ribosomal protein L26 pseudogene 32"
"225","ENSG00000239470","-1.195678","0.01840218","RP11-16F15.2","ribosomal protein L21 pseudogene 97"
"304","ENSG00000165804","-1.183852","0.02022226","ZNF219","zinc finger protein 219"
"112","ENSG00000242477","-1.094338","0.04235898","CTD-2161E19.1","ribosomal protein L10a pseudogene 9"
"115","ENSG00000270177","-1.069009","0.04867965","CTD-2410N18.3",NA
"318","ENSG00000256338","-1.013894","0.009442425","RPL41P2","ribosomal protein L41 pseudogene 2"
"366","ENSG00000227063","-0.9901315","0.0223627","RPL41P1",NA
"315","ENSG00000271780","-0.9673303","0.04612523","RP11-1017G21.5",NA
"236","ENSG00000110046","-0.9104886","0.003157318","ATG2A","autophagy related 2A"
"299","ENSG00000102572","-0.9055869","0.03135492","STK24","serine/threonine kinase 24"
"352","ENSG00000131469","-0.9046097","0.02973319","RPL27","ribosomal protein L27"
"312","ENSG00000198894","-0.8251446","0.01450037","CIPC","CLOCK interacting pacemaker"
"173","ENSG00000283041","-0.7946538","0.0467522",NA,"eukaryotic translation elongation factor 1 gamma pseudogene"
"294","ENSG00000224892","-0.7945899","0.04710719","RPS4XP16","ribosomal protein S4X pseudogene 16"
"323","ENSG00000137764","-0.7718265","0.00810994","MAP2K5","mitogen-activated protein kinase kinase 5"
"237","ENSG00000172977","-0.6963173","0.03731769","KAT5","lysine acetyltransferase 5"
